INSERT INTO users (username,password,enabled) VALUES ('admin',MD5('admin'), TRUE );
INSERT INTO authorities (username,authority) VALUES ('admin','admin');

INSERT INTO users (username,password,enabled) VALUES ('manoli',MD5('manoli'), TRUE );
INSERT INTO authorities (username,authority) VALUES ('manoli','client');
INSERT INTO users (username,password,enabled) VALUES ('david',MD5('david'), TRUE );
INSERT INTO authorities (username,authority) VALUES ('david','client');
INSERT INTO users (username,password,enabled) VALUES ('lopez',MD5('lopez'), TRUE );
INSERT INTO authorities (username,authority) VALUES ('lopez','client');
INSERT INTO users (username,password,enabled) VALUES ('chaparral',MD5('chaparral'), TRUE );
INSERT INTO authorities (username,authority) VALUES ('chaparral','client');
INSERT INTO users (username,password,enabled) VALUES ('cele',MD5('cele'), TRUE );
INSERT INTO authorities (username,authority) VALUES ('cele','client');
INSERT INTO users (username,password,enabled) VALUES ('huerta',MD5('huerta'), TRUE );
INSERT INTO authorities (username,authority) VALUES ('huerta','client');
INSERT INTO users (username,password,enabled) VALUES ('pizzeto',MD5('pizzeto'), TRUE );
INSERT INTO authorities (username,authority) VALUES ('pizzeto','client');
INSERT INTO users (username,password,enabled) VALUES ('kebabAn',MD5('kebabAn'), TRUE );
INSERT INTO authorities (username,authority) VALUES ('kebabAn','client');
INSERT INTO users (username,password,enabled) VALUES ('laguna',MD5('laguna'), TRUE );
INSERT INTO authorities (username,authority) VALUES ('laguna','client');
INSERT INTO users (username,password,enabled) VALUES ('tropiqual',MD5('tropiqual'), TRUE );
INSERT INTO authorities (username,authority) VALUES ('tropiqual','client');
INSERT INTO users (username,password,enabled) VALUES ('gordito',MD5('gordito'), TRUE );
INSERT INTO authorities (username,authority) VALUES ('gordito','client');
INSERT INTO users (username,password,enabled) VALUES ('fabula',MD5('fabula'), TRUE );
INSERT INTO authorities (username,authority) VALUES ('fabula','client');
INSERT INTO users (username,password,enabled) VALUES ('alpargata',MD5('alpargata'), TRUE );
INSERT INTO authorities (username,authority) VALUES ('alpargata','client');
INSERT INTO users (username,password,enabled) VALUES ('teja',MD5('teja'), TRUE );
INSERT INTO authorities (username,authority) VALUES ('teja','client');
INSERT INTO users (username,password,enabled) VALUES ('perez',MD5('perez'), TRUE );
INSERT INTO authorities (username,authority) VALUES ('perez','client');
INSERT INTO users (username,password,enabled) VALUES ('santiago',MD5('santiago'), TRUE );
INSERT INTO authorities (username,authority) VALUES ('santiago','client');
INSERT INTO users (username,password,enabled) VALUES ('valentin',MD5('valentin'), TRUE );
INSERT INTO authorities (username,authority) VALUES ('valentin','client');
INSERT INTO users (username,password,enabled) VALUES ('bistro',MD5('bistro'), TRUE );
INSERT INTO authorities (username,authority) VALUES ('bistro','client');
INSERT INTO users (username,password,enabled) VALUES ('vespa',MD5('vespa'), TRUE );
INSERT INTO authorities (username,authority) VALUES ('vespa','client');

INSERT INTO users (username,password,enabled) VALUES ('paco',MD5('paco'), TRUE );
INSERT INTO authorities (username,authority) VALUES ('paco','usuario');
INSERT INTO users (username,password,enabled) VALUES ('lolo',MD5('lolo'), TRUE );
INSERT INTO authorities (username,authority) VALUES ('lolo','usuario');
INSERT INTO users (username,password,enabled) VALUES ('pepe',MD5('pepe'), TRUE );
INSERT INTO authorities (username,authority) VALUES ('pepe','usuario');
INSERT INTO users (username,password,enabled) VALUES ('gabvid',MD5('gabvid'), TRUE );
INSERT INTO authorities (username,authority) VALUES ('gabvid','usuario');
INSERT INTO users (username,password,enabled) VALUES ('pablo',MD5('pablo'), TRUE );
INSERT INTO authorities (username,authority) VALUES ('pablo','usuario');
INSERT INTO users (username,password,enabled) VALUES ('Ricardoc',MD5('Ricardoc'), TRUE );
INSERT INTO authorities (username,authority) VALUES ('Ricardoc','usuario');
INSERT INTO users (username,password,enabled) VALUES ('isabel',MD5('isabel'), TRUE );
INSERT INTO authorities (username,authority) VALUES ('isabel','usuario');
INSERT INTO users (username,password,enabled) VALUES ('lucas',MD5('lucas'), TRUE );
INSERT INTO authorities (username,authority) VALUES ('lucas','usuario');
INSERT INTO users (username,password,enabled) VALUES ('helena',MD5('helena'), TRUE );
INSERT INTO authorities (username,authority) VALUES ('helena','usuario');
INSERT INTO users (username,password,enabled) VALUES ('JuanCar',MD5('JuanCar'), TRUE );
INSERT INTO authorities (username,authority) VALUES ('JuanCar','usuario');
INSERT INTO users (username,password,enabled) VALUES ('veronica',MD5('veronica'), TRUE );
INSERT INTO authorities (username,authority) VALUES ('veronica','usuario');
INSERT INTO users (username,password,enabled) VALUES ('laura',MD5('laura'), TRUE );
INSERT INTO authorities (username,authority) VALUES ('laura','usuario');


INSERT INTO administrators (id, username) VALUES (1, 'admin');
INSERT INTO usuarios (id, nombre, apellidos, email, pregunta_segura1, pregunta_segura2, username) VALUES (2, 'Paco', 'Naranjo', 'Paco@gmail.com', 'paco', 'paco', 'paco');
INSERT INTO usuarios (id, nombre, apellidos, email, pregunta_segura1, pregunta_segura2, username) VALUES (3, 'Lolo', 'Lopez', 'Lolo@gmail.com', 'lolo', 'lolo','lolo');
INSERT INTO usuarios (id, nombre, apellidos, email, pregunta_segura1, pregunta_segura2, username) VALUES (4, 'Pepe', 'Lopez', 'Pepe@gmail.com','pepe','pepe','pepe');
INSERT INTO usuarios (id, nombre, apellidos, email, pregunta_segura1, pregunta_segura2, username) VALUES (5, 'Gabriel', 'Vidal', 'Gabvid@gmail.com','gabvid','gabvid','gabvid');
INSERT INTO usuarios (id, nombre, apellidos, email, pregunta_segura1, pregunta_segura2, username) VALUES (6, 'Pablo', 'Bejarano', 'Pablo@gmail.com','pablo','pablo','pablo');
INSERT INTO usuarios (id, nombre, apellidos, email, pregunta_segura1, pregunta_segura2, username) VALUES (7, 'Ricardo', 'Caballero', 'Ricardo@gmail.com','Ricardoc','Ricardoc','Ricardoc');
INSERT INTO usuarios (id, nombre, apellidos, email, pregunta_segura1, pregunta_segura2, username) VALUES (8, 'Isabel', 'Vela', 'Isabelvela@gmail.com','isabel','isabel','isabel');
INSERT INTO usuarios (id, nombre, apellidos, email, pregunta_segura1, pregunta_segura2, username) VALUES (9, 'Lucas', 'Lopez', 'Lucas@gmail.com','lucas','lucas','lucas');
INSERT INTO usuarios (id, nombre, apellidos, email, pregunta_segura1, pregunta_segura2, username) VALUES (10, 'Helena', 'Galvan', 'HelenaGal@gmail.com','helena','helena','helena');
INSERT INTO usuarios (id, nombre, apellidos, email, pregunta_segura1, pregunta_segura2, username) VALUES (11, 'Juan Carlos', 'Prieto', 'JuanCarPri@gmail.com','JuanCar','JuanCar','JuanCar');
INSERT INTO usuarios (id, nombre, apellidos, email, pregunta_segura1, pregunta_segura2, username) VALUES (12, 'Verónica', 'Correa', 'VeroCorrea@gmail.com','veronica','veronica','veronica');
INSERT INTO usuarios (id, nombre, apellidos, email, pregunta_segura1, pregunta_segura2, username) VALUES (13, 'Laura', 'Padilla', 'Laura@gmail.com','laura','laura','laura');

INSERT INTO clients (id, name, email, address, parking, municipio, init, finish, telephone, description, food, expiration, pregunta_segura1, pregunta_segura2, username, image) VALUES (1,'Bar manoli','manoli@gmail.com','C/Betis', TRUE,'Sevilla','10:00:00','22:00:00','608726190', 'Bar Manoli, ¡tu bar favorito!', 'española', '2029-08-15' ,'manoli','manoli','manoli','https://tse4.mm.bing.net/th?id=OIP.YX0mM0PK0RWz1lRDNvqQWgHaEK&pid=Api');
INSERT INTO clients (id, name, email, address, parking, municipio, init, finish, telephone, description, food, expiration, pregunta_segura1, pregunta_segura2, username, image) VALUES (2,'Bar david','david@gmail.com', 'C/Sevilla', FALSE, 'Dos_Hermanas','09:30:00','22:00:00','608726190', 'Food from USA', 'americana', '2029-08-15','david', 'david', 'david','https://u.tfstatic.com/restaurant_photos/225/75225/169/612/1950-american-diner-forte-dei-marmi-a-01f72.jpg');
INSERT INTO clients (id, name, email, address, parking, municipio, init, finish, telephone, description, food, expiration, pregunta_segura1, pregunta_segura2, username) VALUES (3,'Bar lopez','loez@gmail.com', 'C/Sevilla', FALSE, 'Dos_Hermanas','09:30:00','22:00:00','608726191', 'Lo mejor de América del Norte y del Sur', 'americana y mexicana', '2019-08-15','lopez', 'lopez', 'lopez');

INSERT INTO clients (id, name, email, address, parking, municipio, init, finish, telephone, description, food, expiration, pregunta_segura1, pregunta_segura2, username, image) VALUES (4,'El gran Chaparral','chaparral@gmail.com','C/ Belmonte S/N', TRUE,'Guillena','11:00:00','23:45:00','955785076', '¡Un gran bar!', 'española', '2022-08-15' ,'chaparral','chaparral','chaparral','https://www.paxinasgalegas.es/imagenes/el-gran-chaparral_img111467t0m0w1600h800.jpg');
INSERT INTO clients (id, name, email, address, parking, municipio, init, finish, telephone, description, food, expiration, pregunta_segura1, pregunta_segura2, username, image) VALUES (5,'En ka El Cele','celegarlu68@gmail.com','Barriada de la Candelaria, 1', TRUE,'Guillena','08:00:00','17:00:00','608726190', 'Desde 2014 tirando la cerveza como dicen nuestros clientes, "BIEN FRESQUITA"', 'española', '2022-08-15' ,'cele','cele','cele','https://scontent.fsvq2-2.fna.fbcdn.net/v/t1.6435-9/50732333_2246951872221876_2081923222789423104_n.jpg?_nc_cat=102&ccb=1-3&_nc_sid=09cbfe&_nc_ohc=0__QuwaQCQ8AX-RboBa&_nc_ht=scontent.fsvq2-2.fna&oh=3a44a205fe257a7eb9cee1f6f2197d7e&oe=60D1C025');
INSERT INTO clients (id, name, email, address, parking, municipio, init, finish, telephone, description, food, expiration, pregunta_segura1, pregunta_segura2, username, image) VALUES (6,'La huerta del mayorazgo','lahuertadelmayorazgo@hotmail.com','Carretera Pantano Del Jergal', TRUE,'Guillena','11:00:00','17:00:00','656253294', 'Magnífico restaurante en la sierra de Sevilla con especialidad en carnes y productos de temporada como las setas, perdices, conejos, venado, etc...', 'española, asador', '2022-08-15' ,'huerta','huerta','huerta','https://scontent.fsvq2-2.fna.fbcdn.net/v/t1.18169-0/c0.25.526.274a/p526x296/11204393_1690699924484037_499335571179468328_n.jpg?_nc_cat=105&ccb=1-3&_nc_sid=e3f864&_nc_ohc=q6FtzmPOppQAX_-zIsk&_nc_ht=scontent.fsvq2-2.fna&tp=27&oh=bf110d0319abbc73051ea74c6445744f&oe=60D03D37');
INSERT INTO clients (id, name, email, address, parking, municipio, init, finish, telephone, description, food, expiration, pregunta_segura1, pregunta_segura2, username, image) VALUES (7,'Don pizzeto','donpizzeto@gmail.com','Avenida Alcalde Justo Padilla Burgos, S/N', TRUE,'Guillena','15:00:00','23:00:00','674442726', 'La mejor pizzería al mejor precio', 'Italiana', '2022-08-15' ,'pizzeto','pizzeto','pizzeto','https://tse1.explicit.bing.net/th?id=OIP.FdkjLIDOmldR42SmvV-jVQHaEL&pid=Api');
INSERT INTO clients (id, name, email, address, parking, municipio, init, finish, telephone, description, food, expiration, pregunta_segura1, pregunta_segura2, username, image) VALUES (8,'Kebab Andaluz','kebab_andaluz@gmail.com','Paseo del Estatuto 33', TRUE,'Carmona','18:00:00','23:30:00','955549513', 'Comida sana y sabrosa', 'Turca', '2022-08-15' ,'kebabAn','kebabAn','kebabAn','https://scontent.fsvq2-2.fna.fbcdn.net/v/t1.6435-0/p480x480/186515370_2811012345830551_7396135337534472165_n.jpg?_nc_cat=105&ccb=1-3&_nc_sid=a26aad&_nc_ohc=Eq77rnkG78IAX903Ph4&_nc_ht=scontent.fsvq2-2.fna&tp=6&oh=d2e669d0b2da58debd0399968bdc6a2a&oe=60D0C51B');
INSERT INTO clients (id, name, email, address, parking, municipio, init, finish, telephone, description, food, expiration, pregunta_segura1, pregunta_segura2, username, image) VALUES (9,'La laguna',' gerente@lalagunarestaurante.es',' C/ La Laguna 5', TRUE,'Gerena','12:00:00','00:00:00','625379173', 'El Restaurante de hoy en día se ha ido  abriendo paso tras una evolución constante que dejó atrás La Cafetería ,los baguettes y pizzas ,helados...', 'Española, europea', '2022-08-15' ,'laguna','laguna','laguna','https://media-cdn.tripadvisor.com/media/photo-s/05/8c/89/6d/getlstd-property-photo.jpg');
INSERT INTO clients (id, name, email, address, parking, municipio, init, finish, telephone, description, food, expiration, pregunta_segura1, pregunta_segura2, username, image) VALUES (10,'Tropical come y bebe','tropical@gmail.com','Pl. De La Encarnación, 34', TRUE,'Sevilla','11:00:00','23:00:00','854703250', 'Cocina Nikkei Nipo-brasileña & Cocktail Bar', 'Japonesa, Sushi', '2022-08-15' ,'tropiqual','tropiqual','tropiqual','https://media-cdn.tripadvisor.com/media/photo-s/1c/ed/6f/7c/aspargyus.jpg');
INSERT INTO clients (id, name, email, address, parking, municipio, init, finish, telephone, description, food, expiration, pregunta_segura1, pregunta_segura2, username, image) VALUES (11,'El gordito de triana','gordito@gmail.com','Calle de Manuel Arellano, 37', TRUE,'Sevilla','07:00:00','2:00:00','686732137', 'Si coincide que estás cerca de Sevilla a traves de los sentidos, visita este restaurante. La comida española merece aquí la pena. Aquí vas a poder pedir unas perfectamente elaboradas tapas, un sorprendente laing y un singular jamón.', 'española', '2022-08-15' ,'gordito','gordito','gordito','https://10619-2.s.cdn12.com/rests/original/404_116253794.jpg');
INSERT INTO clients (id, name, email, address, parking, municipio, init, finish, telephone, description, food, expiration, pregunta_segura1, pregunta_segura2, username, image) VALUES (12,'La Fábula','barlafabula@gmail.com','Avenida Ronda De Triana, 31', TRUE,'Sevilla','12:30:00','16:00:00','644702531', 'Nuestra variada cocina mediterránea te ofrece una enorme variedad de sabrosos platos recién preparados', 'Mediterránea', '2022-08-15' ,'fabula','fabula','fabula','https://media-cdn.tripadvisor.com/media/photo-s/1c/a1/a1/f8/salmorejo-de-manzana.jpg');
INSERT INTO clients (id, name, email, address, parking, municipio, init, finish, telephone, description, food, expiration, pregunta_segura1, pregunta_segura2, username, image) VALUES (13,'La alpargata','reservas@alpargata.es','Calle Virgen de Aguasanta Los Remedios,', TRUE,'Sevilla','11:00:00','23:00:00','603448494', 'Este Taller de Tapas, no pierde la esencia de lo tradicional ni devoción por lo culinario que su "Abuelo" comenzó hace mas de 17 años', 'española', '2022-08-15' ,'alpargata','alpargata','alpargata','https://scontent.fsvq2-2.fna.fbcdn.net/v/t1.6435-9/84521959_3176555125690827_2227817377729347584_n.jpg?_nc_cat=102&ccb=1-3&_nc_sid=730e14&_nc_ohc=IzC5D-rtGlUAX8g0NQH&_nc_ht=scontent.fsvq2-2.fna&oh=3803413546eabc0224cd237c289e18d0&oe=60D1FB29');
INSERT INTO clients (id, name, email, address, parking, municipio, init, finish, telephone, description, food, expiration, pregunta_segura1, pregunta_segura2, username, image) VALUES (14,'La teja','teja@gmail.com','Calle Canal, 17', TRUE,'Jerez_de_la_frontera','07:30:00','16:00:00','615086913', 'Un lugar excelente para almorzar y todo tipos de comida familiares o entre amigos', 'española', '2022-08-15' ,'teja','teja','teja','https://lh3.googleusercontent.com/-bgkc45cdoTQ/WXSIC0-p06I/AAAAAAAADjM/Qm7bJ4QHhgYFdAuWPc3ajk2uY2PHnDu8gCLIBGAYYCw/w960-h960-n-o-k-v1/');
INSERT INTO clients (id, name, email, address, parking, municipio, init, finish, telephone, description, food, expiration, pregunta_segura1, pregunta_segura2, username, image) VALUES (15,'Casa Pérez','perez@gmail.com','Calle Calderón de la Barca, 4', TRUE,'Dos_Hermanas','06:30:00','23:00:00','685717241', '¡Tu bar de siempre!', 'española', '2022-08-15' ,'perez','perez','perez','https://tse2.mm.bing.net/th?id=OIP.1oBQmXN_GLQmgadoAM4dHAHaFj&pid=Api');
INSERT INTO clients (id, name, email, address, parking, municipio, init, finish, telephone, description, food, expiration, pregunta_segura1, pregunta_segura2, username, image) VALUES (16,'Casa Santiago','cerveceriasantiago@hotmail.com','Calle Canal 62', TRUE,'Sevilla','12:00:00','23:00:00','954656947', 'Santiago Bar te ofrece la más exquisita variedad de Española que puedes encontrar en Sevilla. Ven a visitarnos o haz tu pedido online. Verás como te sorprenderemos con nuestras especialidades', 'Española', '2022-08-15' ,'santiago','santiago','santiago','https://just-eat-prod-eu-res.cloudinary.com/image/upload/c_fill,f_auto,q_auto,h_494,w_1150/es/cuisines/espanola-1.jpg');
INSERT INTO clients (id, name, email, address, parking, municipio, init, finish, telephone, description, food, expiration, pregunta_segura1, pregunta_segura2, username, image) VALUES (17,'Cervecería Valentín','valentin@gmail.com','Calle Alfonso Lasso de la Vega, 27', TRUE,'Sevilla','07:00:00','18:00:00','608726190', 'La mejor cervecería con el mejor ambiente', 'Española', '2022-08-15' ,'valentin','valentin','valentin','https://lh5.googleusercontent.com/p/AF1QipOv63-z0OfX15OjFduJMjTku_5ndg2Fmp_PXa-5=w203-h270-k-no');
INSERT INTO clients (id, name, email, address, parking, municipio, init, finish, telephone, description, food, expiration, pregunta_segura1, pregunta_segura2, username, image) VALUES (18,'L`artisan Bistro','lartisanbistro@gmail.com','Avenida Paseo de Europa, 31', TRUE,'Sevilla','10:00:00','23:00:00','955641425', 'Cuando la tradición se vuelve vanguardia..', 'Contemporánea, española', '2022-08-15' ,'bistro','bistro','bistro','https://media-cdn.tripadvisor.com/media/photo-s/17/3c/3c/26/photo0jpg.jpg');
INSERT INTO clients (id, name, email, address, parking, municipio, init, finish, telephone, description, food, expiration, pregunta_segura1, pregunta_segura2, username, image) VALUES (19,'La vespa','vespa@gmail.com','Avenida de Alemania S/N', TRUE,'Sevilla','09:00:00','23:00:00','661907981', 'Tu comida de siempre al mejor precio', 'Española', '2022-08-15' ,'vespa','vespa','vespa','https://media-cdn.tripadvisor.com/media/photo-s/15/0a/0d/07/ta-img-20181014-153639.jpg');

INSERT INTO food_offers(start, end, code, status, client_id, food, discount, price) VALUES ('2021-04-29 12:00:00', '2021-06-10 12:00:00', 'FO-1', 'inactive', 1, 'Macarrones', 15, 10.0);
INSERT INTO food_offers(start, end, code, status, client_id, food, discount, price, image) VALUES ('2021-04-29 12:00:00', '2021-06-10 12:00:00', 'FO-2', 'active', 3, 'Macarrones con tomate', 10, 20.0,' https://tse4.mm.bing.net/th?id=OIP.XhLWjAnzj7a3QdJ0U2gKQwHaFi&pid=Api');
INSERT INTO food_offers(start, end, code, status, client_id, food, discount, price, image) VALUES ('2021-08-15 12:00:00', '2021-08-16 12:00:00', 'FO-3', 'active', 3, 'Estofado', 10, 25.0,'https://tse4.mm.bing.net/th?id=OIP.pEofBQc71BZpGWBMln_6ywHaFj&pid=Api');
INSERT INTO food_offers(start, end, code, status, client_id, food, discount, price, image) VALUES ('2021-08-15 12:00:00', '2021-08-16 12:00:00', 'FO-4', 'active', 1, 'Puchero', 10, 14.50,'https://tse4.mm.bing.net/th?id=OIP.KLBAw5sza4q7qPgJBMrUagHaE-&pid=Api');
INSERT INTO food_offers(start, end, code, status, client_id, food, discount, price, image) VALUES ('2021-08-15 12:00:00', '2021-08-16 12:00:00', 'FO-5', 'active', 2, 'Tumbalobos', 10, 9.45,'https://tse4.mm.bing.net/th?id=OIP.UxNHjDnczhFXWqJqv1W9qAHaE9&pid=Api');
INSERT INTO food_offers(start, end, code, status, client_id, food, discount, price, image) VALUES ('2021-08-15 12:00:00', '2021-08-16 12:00:00', 'FO-6', 'active', 2, 'Tortilla', 10, 5.2,'https://caminandopormadrid.com/wp-content/uploads/2017/04/spanish-omelette.jpg');
INSERT INTO food_offers(start, end, code, status, client_id, food, discount, price, image) VALUES ('2021-08-15 12:00:00', '2021-08-16 12:00:00', 'FO-7', 'active', 2, 'Arroz con leche', 10, 5.70,'https://tse3.mm.bing.net/th?id=OIP.QIF_7eeaKHTwlWn2D7QowAHaFj&pid=Api');
INSERT INTO food_offers(start, end, code, status, client_id, food, discount, price, image) VALUES ('2021-06-02 11:00:00', '2021-07-16 22:00:00', 'FO-8', 'active', 4, 'Carrillada', 15, 11.00,'https://tse2.mm.bing.net/th?id=OIP.I9hyvt5E9Zp3UD9743xWEQHaEK&pid=Api');
INSERT INTO food_offers(start, end, code, status, client_id, food, discount, price, image) VALUES ('2021-07-01 12:00:00', '2021-08-10 12:00:00', 'FO-9', 'active', 5, 'Pescaito frito', 10, 7.50,'https://tse4.mm.bing.net/th?id=OIP.zc5jV4Xqsh7Wx-rEtWaGUAHaFO&pid=Api');
INSERT INTO food_offers(start, end, code, status, client_id, food, discount, price, image) VALUES ('2021-05-30 20:00:00', '2021-08-16 23:00:00', 'FO-10', 'active', 6, 'Solomillo al whisky', 7.5, 12.00,'https://tse3.mm.bing.net/th?id=OIP.3ZfHjMsURF_3SoPxmocFYQHaFj&pid=Api');
INSERT INTO food_offers(start, end, code, status, client_id, food, discount, price, image) VALUES ('2021-06-14 13:00:00', '2021-06-15 16:00:00', 'FO-11', 'active', 7, 'Pizza margarita', 20, 8.75,'https://tse3.mm.bing.net/th?id=OIP.x2Ia87sBFoIA_KvR_JuwPQHaE7&pid=Api');
INSERT INTO food_offers(start, end, code, status, client_id, food, discount, price, image) VALUES ('2021-07-01 12:00:00', '2021-07-13 12:00:00', 'FO-12', 'active', 8, 'Kebab en pan dorum', 10, 5.5,'https://scontent.fsvq2-2.fna.fbcdn.net/v/t1.6435-9/148258280_2748932368705216_2398891394978783424_n.jpg?_nc_cat=102&ccb=1-3&_nc_sid=a26aad&_nc_ohc=RrsQYO-tjjsAX-TcBfC&_nc_ht=scontent.fsvq2-2.fna&oh=af043d00e843b2677185a4ec8ff7d092&oe=60D11885');
INSERT INTO food_offers(start, end, code, status, client_id, food, discount, price, image) VALUES ('2021-06-15 13:00:00', '2021-07-11 00:00:00', 'FO-13', 'active', 9, 'Tortilla de patatas', 10, 10.00,'https://tse4.mm.bing.net/th?id=OIP.yE5iaLcKhJk34BHN7RIQoQHaEK&pid=Api');
INSERT INTO food_offers(start, end, code, status, client_id, food, discount, price, image) VALUES ('2021-08-10 12:00:00', '2021-08-17 17:00:00', 'FO-14', 'active', 10, 'Sushi', 10, 15.25,'https://tse4.mm.bing.net/th?id=OIP.J_Rv8f0ORbqC-xvl8NzC3gHaEK&pid=Api');
INSERT INTO food_offers(start, end, code, status, client_id, food, discount, price, image) VALUES ('2021-06-15 12:00:00', '2021-07-01 16:00:00', 'FO-15', 'active', 11, 'Bacalao frito', 30, 8.99,'https://tse2.mm.bing.net/th?id=OIP.gOpq4GUk4pUGnlJvE07wvgEgDY&pid=Api');
INSERT INTO food_offers(start, end, code, status, client_id, food, discount, price) VALUES ('2021-08-16 12:00:00', '2021-08-17 12:00:00', null, 'hidden', 1, 'Macarrones con queso', 5, 12.43);

INSERT INTO time_offers(start, end, code, status, client_id, init, finish, discount) VALUES ('2021-04-25 12:00:00', '2021-06-6 12:00:00', 'T-1', 'inactive', 1, '12:00:00', '13:00:00', 5);
INSERT INTO time_offers(start, end, code, status, client_id, init, finish, discount) VALUES ('2021-04-25 12:00:00', '2021-06-6 12:00:00', 'T-2', 'active', 3, '12:00:00', '13:00:00', 10);
INSERT INTO time_offers(start, end, code, status, client_id, init, finish, discount) VALUES ('2021-08-15 12:00:00', '2021-08-16 12:00:00', 'T-3', 'active', 5, '12:30:00', '14:30:00', 10);
INSERT INTO time_offers(start, end, code, status, client_id, init, finish, discount) VALUES ('2021-08-15 12:00:00', '2021-08-16 12:00:00', 'T-4', 'active', 1, '12:00:00', '13:00:00', 5);
INSERT INTO time_offers(start, end, code, status, client_id, init, finish, discount) VALUES ('2021-08-15 12:00:00', '2021-08-16 12:00:00', 'T-5', 'active', 2, '13:00:00', '16:00:00', 15);
INSERT INTO time_offers(start, end, code, status, client_id, init, finish, discount) VALUES ('2021-08-15 12:00:00', '2021-08-16 12:00:00', 'T-6', 'active', 18, '14:00:00', '17:00:00', 15);
INSERT INTO time_offers(start, end, code, status, client_id, init, finish, discount) VALUES ('2021-08-15 12:00:00', '2021-08-16 12:00:00', 'T-7', 'active', 2, '11:00:00', '20:00:00', 20);
INSERT INTO time_offers(start, end, code, status, client_id, init, finish, discount) VALUES ('2021-06-01 12:00:00', '2021-06-08 18:00:00', 'T-8', 'active', 12, '14:30:00', '16:30:00', 30);
INSERT INTO time_offers(start, end, code, status, client_id, init, finish, discount) VALUES ('2021-07-15 11:00:00', '2021-07-30 14:00:00', 'T-9', 'active', 13, '11:00:00', '12:45:00', 15);
INSERT INTO time_offers(start, end, code, status, client_id, init, finish, discount) VALUES ('2021-05-29 18:00:00', '2021-07-15 23:00:00', 'T-10', 'active', 14, '20:00:00', '21:30:00', 20);
INSERT INTO time_offers(start, end, code, status, client_id, init, finish, discount) VALUES ('2021-08-16 12:00:00', '2021-08-17 12:00:00', null, 'hidden', 1, '12:00:00', '13:00:00', 15);

INSERT INTO speed_offers(start, end, code, status, client_id, gold, discount_gold, silver, discount_silver, bronze, discount_bronze) VALUES ('2021-05-01 12:00:00', '2021-05-20 12:00:00', 'SP-1', 'inactive',1,5,25,10,15,15,10);
INSERT INTO speed_offers(start, end, code, status, client_id, gold, discount_gold, silver, discount_silver, bronze, discount_bronze) VALUES ('2021-05-01 12:00:00', '2021-05-20 12:00:00', 'SP-2', 'active',1,'00:35:00',25,'00:40:00',15,'00:55:00',10);
INSERT INTO speed_offers(start, end, code, status, client_id, gold, discount_gold, silver, discount_silver, bronze, discount_bronze) VALUES ('2021-08-15 12:00:00', '2021-08-16 12:00:00', 'SP-3', 'active',3,'00:15:00',25,'00:20:00',15,'00:30:00',10);
INSERT INTO speed_offers(start, end, code, status, client_id, gold, discount_gold, silver, discount_silver, bronze, discount_bronze) VALUES ('2021-08-15 12:00:00', '2021-08-16 12:00:00', 'SP-4', 'active',6,'00:15:00',25,'00:20:00',15,'00:30:00',10);
INSERT INTO speed_offers(start, end, code, status, client_id, gold, discount_gold, silver, discount_silver, bronze, discount_bronze) VALUES ('2021-08-15 12:00:00', '2021-08-16 12:00:00', 'SP-5', 'active',2,'00:15:00',30,'00:20:00',15,'00:30:00',5);
INSERT INTO speed_offers(start, end, code, status, client_id, gold, discount_gold, silver, discount_silver, bronze, discount_bronze) VALUES ('2021-05-23 12:00:00', '2021-05-30 12:00:00', 'SP-6', 'active',2,'00:17:00',20,'00:24:00',15,'00:35:00',5);
INSERT INTO speed_offers(start, end, code, status, client_id, gold, discount_gold, silver, discount_silver, bronze, discount_bronze) VALUES ('2021-06-02 12:00:00', '2021-07-02 12:00:00', 'SP-7', 'active',2,'00:15:00',25,'00:20:00',20,'00:30:00',10);
INSERT INTO speed_offers(start, end, code, status, client_id, gold, discount_gold, silver, discount_silver, bronze, discount_bronze) VALUES ('2021-06-02 11:00:00', '2021-06-03 22:00:00', 'SP-8', 'active',15,'00:15:00',20,'00:20:00',15,'00:30:00',10);
INSERT INTO speed_offers(start, end, code, status, client_id, gold, discount_gold, silver, discount_silver, bronze, discount_bronze) VALUES ('2021-07-15 10:00:00', '2021-07-18 17:00:00', 'SP-9', 'active',16,'00:10:00',30,'00:15:00',20,'00:25:00',10);
INSERT INTO speed_offers(start, end, code, status, client_id, gold, discount_gold, silver, discount_silver, bronze, discount_bronze) VALUES ('2021-06-24 20:30:00', '2021-06-29 22:30:00', 'SP-10', 'active',17,'00:12:30',25,'00:15:00',20,'00:24:00',10);
INSERT INTO speed_offers(start, end, code, status, client_id, gold, discount_gold, silver, discount_silver, bronze, discount_bronze) VALUES ('2021-08-16 12:00:00', '2021-08-17 12:00:00', null, 'hidden',1,5,25,10,15,15,10);
																																																
INSERT INTO nu_offers(start, end, code, status, client_id, gold, discount_gold, silver, discount_silver, bronze, discount_bronze) VALUES ('2021-04-30 12:00:00', '2021-05-4 12:00:00', 'NU-1', 'inactive',1,15,25,10,15,5,10);
INSERT INTO nu_offers(start, end, code, status, client_id, gold, discount_gold, silver, discount_silver, bronze, discount_bronze) VALUES ('2021-04-30 12:00:00', '2021-05-4 12:00:00', 'NU-2', 'active',1,15,25,10,15,5,10);
INSERT INTO nu_offers(start, end, code, status, client_id, gold, discount_gold, silver, discount_silver, bronze, discount_bronze) VALUES ('2021-08-15 12:00:00', '2021-08-16 12:00:00', 'NU-3', 'active',3,15,25,12,15,3,5);
INSERT INTO nu_offers(start, end, code, status, client_id, gold, discount_gold, silver, discount_silver, bronze, discount_bronze) VALUES ('2021-08-15 12:00:00', '2021-08-16 12:00:00', 'NU-4', 'active',4,15,25,13,15,2,5);
INSERT INTO nu_offers(start, end, code, status, client_id, gold, discount_gold, silver, discount_silver, bronze, discount_bronze) VALUES ('2021-08-15 12:00:00', '2021-08-16 12:00:00', 'NU-5', 'active',2,20,35,15,15,5,5);
INSERT INTO nu_offers(start, end, code, status, client_id, gold, discount_gold, silver, discount_silver, bronze, discount_bronze) VALUES ('2021-08-15 12:00:00', '2021-08-16 12:00:00', 'NU-6', 'active',8,20,30,15,10,10,5);
INSERT INTO nu_offers(start, end, code, status, client_id, gold, discount_gold, silver, discount_silver, bronze, discount_bronze) VALUES ('2021-08-15 12:00:00', '2021-08-16 12:00:00', 'NU-7', 'active',16,20,35,15,15,10,5);
INSERT INTO nu_offers(start, end, code, status, client_id, gold, discount_gold, silver, discount_silver, bronze, discount_bronze) VALUES ('2021-06-06 11:00:00', '2021-06-20 22:00:00', 'NU-8', 'active',18,12,30,9,25,6,15);
INSERT INTO nu_offers(start, end, code, status, client_id, gold, discount_gold, silver, discount_silver, bronze, discount_bronze) VALUES ('2021-07-12 12:00:00', '2021-07-19 16:00:00', 'NU-9', 'active',19,10,25,7,15,5,5);
INSERT INTO nu_offers(start, end, code, status, client_id, gold, discount_gold, silver, discount_silver, bronze, discount_bronze) VALUES ('2021-08-16 12:00:00', '2021-08-17 12:00:00', null, 'hidden',1,15,25,10,15,5,10);

INSERT INTO review_client(opinion, service, food, quality_price, media, username, client) VALUES ('Es un bar muy bueno para ir a comer',5,4,5,5,'paco',1);
INSERT INTO review_client(opinion, service, food, quality_price, media, username, client) VALUES ('Las ofertas eran buenas pero el servicio mejorable',2,2,2,2,'lolo',1);
INSERT INTO review_client(opinion, service, food, quality_price, media, username, client) VALUES ('Nos trataron genial a mi y a mi amigo',4,4,4,4,'pepe',1);
INSERT INTO review_client(opinion, service, food, quality_price, media, username, client) VALUES ('Abren a todas horas!!!',5,3,2,4,'gabvid',9);
INSERT INTO review_client(opinion, service, food, quality_price, media, username, client) VALUES ('La comida de hoy estaba muy rica',4,4,3,4,'pablo',8);
INSERT INTO review_client(opinion, service, food, quality_price, media, username, client) VALUES ('Recomiendo ir por la noche, tiene muy buenas vistas',4,3,4,2,'Ricardoc',10);
INSERT INTO review_client(opinion, service, food, quality_price, media, username, client) VALUES ('No retrasmiten futbol',1,1,1,1,'isabel',3);
INSERT INTO review_client(opinion, service, food, quality_price, media, username, client) VALUES ('Un sitio perfecto para llevar a tu pareja',5,4,3,4,'lucas',18);
INSERT INTO review_client(opinion, service, food, quality_price, media, username, client) VALUES ('En hora punta nunca hay sitio',2,3,4,3,'helena',4);
INSERT INTO review_client(opinion, service, food, quality_price, media, username, client) VALUES ('Fui una vez por probar y ahora voy todas las tardes',4,5,5,5,'JuanCar',19);

INSERT INTO review (opinion,stars,username) VALUES ('Muy útil la aplicación',4, 'paco');
INSERT INTO review (opinion,stars,username) VALUES ('Las ofertas son geniales!',5, 'pepe');
INSERT INTO review (opinion,stars,username) VALUES ('Me ha ayudado bastante',4, 'manoli');


INSERT INTO usuario_favoritos(client_id, usuario_id) VALUES (1,2);
INSERT INTO usuario_favoritos(client_id, usuario_id) VALUES (2,2);	
INSERT INTO usuario_favoritos(client_id, usuario_id) VALUES (3,2);
INSERT INTO usuario_favoritos(client_id, usuario_id) VALUES (1,3);
INSERT INTO usuario_favoritos(client_id, usuario_id) VALUES (9,5);
INSERT INTO usuario_favoritos(client_id, usuario_id) VALUES (8,6);
INSERT INTO usuario_favoritos(client_id, usuario_id) VALUES (10,7);
INSERT INTO usuario_favoritos(client_id, usuario_id) VALUES (18,9);
INSERT INTO usuario_favoritos(client_id, usuario_id) VALUES (19,11);